variable_name,test_statistic (Pearson r),p-value,significant_relationship
YEAR,-0.004396768003658984,0.8942809426902579,False
SEED,-0.719372494291621,8.385902695352091e-147,True
ROUND,-0.6383771151761632,5.317084090921087e-106,True
NET RPI,-0.6112303426405585,6.234463234690224e-95,True
RESUME,-0.6799580110075366,2.68706836267886e-125,True
WAB RANK,-0.6185148151408684,8.528187477613467e-98,True
ELO,-0.5412758073943276,7.537369454574e-71,True
B POWER,-0.6638988475411642,1.780083486709265e-117,True
Q1 W,0.6282364343091462,9.757150909384751e-102,True
Q2 W,0.5107434170012246,5.25083854938447e-62,True
Q1 PLUS Q2 W,0.6838628587137782,2.825690621416558e-127,True
Q3 Q4 L,-0.5857044788174433,1.841258734351189e-85,True
PLUS 500,0.2640791851038893,4.427482914830497e-16,True
R SCORE,0.6951276365429799,3.6832325650174585e-133,True
ShootingSplits_DUNKS FG%,0.05244867287678451,0.11266917778012031,False
ShootingSplits_DUNKS SHARE,0.38355138893820984,1.78871462426885e-33,True
ShootingSplits_DUNKS FG%D,-0.12484365000542416,0.00015178882692492657,False
ShootingSplits_DUNKS D SHARE,0.2973624508966695,3.703042840052842e-20,True
ShootingSplits_CLOSE TWOS FG%,0.33390527193598085,2.704553100786464e-25,True
ShootingSplits_CLOSE TWOS SHARE,-0.17452160133174238,1.062980549226318e-07,True
ShootingSplits_CLOSE TWOS FG%D,-0.027785264575148343,0.40093721722862025,False
ShootingSplits_CLOSE TWOS D SHARE,-0.2141243560672528,5.838343244254822e-11,True
ShootingSplits_FARTHER TWOS FG%,0.02538382461016982,0.4428862054943422,False
ShootingSplits_FARTHER TWOS SHARE,0.16888115218412253,2.7289755393597467e-07,True
ShootingSplits_FARTHER TWOS FG%D,-0.22830994341720467,2.6899258647248376e-12,True
ShootingSplits_FARTHER TWOS D SHARE,0.1982818334630039,1.4208395715543528e-09,True
ShootingSplits_THREES FG%,0.10325576818138921,0.0017529079940580713,False
ShootingSplits_THREES SHARE,-0.04152106071537376,0.20930426847558786,False
ShootingSplits_THREES FG%D,-0.1536444991731576,2.989479813161744e-06,True
ShootingSplits_THREES D SHARE,-0.032860260749982384,0.3204944934047157,False
ShootingSplits_DUNKS FG% RANK,-0.04959884621511772,0.13361259722037888,False
ShootingSplits_DUNKS SHARE RANK,-0.404059636183186,2.7251135832176652e-37,True
ShootingSplits_DUNKS FG%D RANK,-0.13815951413279262,2.7179825836197893e-05,True
ShootingSplits_DUNKS D SHARE RANK,0.30813109295647356,1.3449847220563043e-21,True
ShootingSplits_CLOSE TWOS FG% RANK,-0.32284449400389503,1.1547696777450925e-23,True
ShootingSplits_CLOSE TWOS SHARE RANK,0.15808581328684523,1.5223638530132064e-06,True
ShootingSplits_CLOSE TWOS FG%D RANK,-0.0434125984319015,0.18927447239543296,False
ShootingSplits_CLOSE TWOS D SHARE RANK,-0.2227964678566632,9.120932502474503e-12,True
ShootingSplits_FARTHER TWOS FG% RANK,-0.02878544257913179,0.3841931477516966,False
ShootingSplits_FARTHER TWOS SHARE RANK,-0.18501404754000236,1.6939888697649746e-08,True
ShootingSplits_FARTHER TWOS FG%D RANK,-0.24100405554772242,1.4313046199058022e-13,True
ShootingSplits_FARTHER TWOS D SHARE RANK,0.2486573449224288,2.2459094433423625e-14,True
ShootingSplits_THREES FG% RANK,-0.1023657402866526,0.001921717470834237,False
ShootingSplits_THREES SHARE RANK,0.05964356567883966,0.0711868921565082,False
ShootingSplits_THREES FG%D RANK,-0.15415008286776216,2.7710421043892287e-06,True
ShootingSplits_THREES D SHARE RANK,-0.03057299181904405,0.35535138010360173,False
TeamRankings_Away_TR RANK,-0.639714877277096,1.4163885995366411e-106,True
TeamRankings_Away_TR RATING,0.6087710839809866,5.557866662451294e-94,True
TeamRankings_Away_V 1-25 WINS,0.40331647642130375,3.788297652696744e-37,True
TeamRankings_Away_V 1-25 LOSS,0.2880305412185624,5.860259870145138e-19,True
TeamRankings_Away_V 26-50 WINS,0.3624076975256804,8.195772701383709e-30,True
TeamRankings_Away_V 26-50 LOSS,0.07906304477315558,0.01669476564173388,False
TeamRankings_Away_V 51-100 WINS,0.4018619665896346,7.200992583103357e-37,True
TeamRankings_Away_V 51-100 LOSS,-0.04215142480333287,0.20246569772337344,False
TeamRankings_Away_HI,-0.3823943227636423,2.8837870367209814e-33,True
TeamRankings_Away_LO,-0.32264729936016534,1.2329799069367784e-23,True
TeamRankings_Away_LAST,-0.639915905329862,1.160393524900054e-106,True
TeamRankings_Home_TR RANK,-0.6527851165736585,2.422544126751238e-112,True
TeamRankings_Home_TR RATING,0.6403918000897248,7.23423174062338e-107,True
TeamRankings_Home_V 1-25 WINS,0.49381761963132875,1.7726643611124618e-57,True
TeamRankings_Home_V 1-25 LOSS,0.3107244965972665,5.927763023040213e-22,True
TeamRankings_Home_V 26-50 WINS,0.45983999473651627,4.04801270295752e-49,True
TeamRankings_Home_V 26-50 LOSS,0.2040089411411285,4.615455554952363e-10,True
TeamRankings_Home_V 51-100 WINS,0.5084049327265956,2.2968049610827094e-61,True
TeamRankings_Home_V 51-100 LOSS,0.027992732782194267,0.3974284678561972,False
TeamRankings_Home_HI,-0.4388702452300408,2.064713841218356e-44,True
TeamRankings_Home_LO,-0.535686507679178,3.666966680647303e-69,True
TeamRankings_Home_LAST,-0.652525077178177,3.1754201257303945e-112,True
TeamRankings_Neutral_TR RANK,-0.4981554402376526,1.294745752448347e-58,True
TeamRankings_Neutral_TR RATING,0.5002867999860106,3.530087819779355e-59,True
TeamRankings_Neutral_V 1-25 WINS,0.40666042581399237,8.548044634088721e-38,True
TeamRankings_Neutral_V 1-25 LOSS,0.4308642475846637,1.064357570928539e-42,True
TeamRankings_Neutral_V 26-50 WINS,0.3114722837478975,4.673378952451836e-22,True
TeamRankings_Neutral_V 26-50 LOSS,0.1441185962981368,1.1936613122336454e-05,True
TeamRankings_Neutral_V 51-100 WINS,0.2730714179092623,3.9702417325676986e-17,True
TeamRankings_Neutral_V 51-100 LOSS,-0.0060403978610750475,0.8551372725413469,False
TeamRankings_Neutral_HI,-0.35807798455796724,4.26770341640622e-29,True
TeamRankings_Neutral_LO,-0.4743452891190908,1.4243910673140813e-52,True
TeamRankings_Neutral_LAST,-0.4999538863809871,4.327194697510124e-59,True
KenPom_BarttorvikK TEMPO,-0.03136401803095258,0.34303552628616524,False
KenPom_BarttorvikK TEMPO RANK,0.04157211273144969,0.2087442861658547,False
KenPom_BarttorvikKADJ T,-0.03992950463050583,0.22730992380091614,False
KenPom_BarttorvikKADJ T RANK,0.05278086022388434,0.11040616026835681,False
KenPom_BarttorvikK OFF,0.29774866855534166,3.295789900400698e-20,True
KenPom_BarttorvikKO RANK,-0.2992368315249998,2.10025605188815e-20,True
KenPom_BarttorvikKADJ O,0.553796153651261,9.566050563650605e-75,True
KenPom_BarttorvikKADJ O RANK,-0.5451987609335666,4.72081650634591e-72,True
KenPom_BarttorvikK DEF,-0.20289772484432758,5.755613481312237e-10,True
KenPom_BarttorvikKD RANK,-0.19783130106254723,1.5500654527589218e-09,True
KenPom_BarttorvikKADJ D,-0.5459578780778374,2.7500894751533243e-72,True
KenPom_BarttorvikKADJ D RANK,-0.5637025887617133,6.003433303329457e-78,True
KenPom_BarttorvikKADJ EM,0.7033265332668112,1.2829881959796306e-137,True
KenPom_BarttorvikKADJ EM RANK,-0.6580693953651263,9.344316629982425e-115,True
KenPom_BarttorvikBADJ EM,0.7104049015067723,1.3619834702199782e-141,True
KenPom_BarttorvikBADJ O,0.5653377079654165,1.7352522599552293e-78,True
KenPom_BarttorvikBADJ D,-0.5485284822725083,4.367176349569361e-73,True
KenPom_BarttorvikBARTHAG,0.677909729589236,2.8486112053577906e-124,True
KenPom_BarttorvikGAMES,0.15800598539877148,1.5411969544374793e-06,True
KenPom_BarttorvikW,0.20800888852522897,2.0633801552889893e-10,True
KenPom_BarttorvikL,-0.0957725033166745,0.0037159964765835106,False
KenPom_BarttorvikWIN%,0.23739726445645526,3.351961948519839e-13,True
KenPom_BarttorvikEFG%,0.13923797925236037,2.347661435697783e-05,True
KenPom_BarttorvikEFG%D,-0.250521769802893,1.4166649441075708e-14,True
KenPom_BarttorvikFTR,-0.1441395497567721,1.1901430112491025e-05,True
KenPom_BarttorvikFTRD,-0.1572702533344411,1.7256273513885923e-06,True
KenPom_BarttorvikTOV%,-0.1825504182055544,2.632767015198141e-08,True
KenPom_BarttorvikTOV%D,-0.012223544842404115,0.7117847067791027,False
KenPom_BarttorvikOREB%,0.22268787796479783,9.339956293424123e-12,True
KenPom_BarttorvikDREB%,0.0003975977436698683,0.9904120039697615,False
KenPom_BarttorvikOP OREB%,-0.0003975977436698752,0.9904120039697615,False
KenPom_BarttorvikOP DREB%,-0.2226878779647979,9.339956293424123e-12,True
KenPom_BarttorvikRAW T,-0.031672822725269535,0.3383024123831019,False
KenPom_Barttorvik2PT%,0.1291961398650509,8.80760051390443e-05,True
KenPom_Barttorvik2PT%D,-0.23929201280194892,2.1473850418080348e-13,True
KenPom_Barttorvik3PT%,0.08987298896465207,0.006491844062826563,False
KenPom_Barttorvik3PT%D,-0.12941786522917914,8.562769253590671e-05,True
KenPom_BarttorvikBLK%,0.2845540079395888,1.5974022425839403e-18,True
KenPom_BarttorvikBLKED%,-0.0825432815589145,0.012452062395415662,False
KenPom_BarttorvikAST%,0.18001056528118825,4.1221154916447514e-08,True
KenPom_BarttorvikOP AST%,0.035643362743945174,0.2811974367698472,False
KenPom_Barttorvik2PTR,0.03689110961064125,0.26468647806106943,False
KenPom_Barttorvik3PTR,-0.03689110961064124,0.26468647806106943,False
KenPom_Barttorvik2PTRD,0.03930434535524277,0.23467576621208439,False
KenPom_Barttorvik3PTRD,-0.03930434535524277,0.23467576621208439,False
KenPom_BarttorvikBADJ T,-0.023821315846252272,0.4714747832870458,False
KenPom_BarttorvikAVG HGT,0.391176642406644,7.321783313128963e-35,True
KenPom_BarttorvikEFF HGT,0.3695695282847529,5.056270057458638e-31,True
KenPom_BarttorvikEXP,-0.302096833351077,8.769503166397722e-21,True
KenPom_BarttorvikTALENT,0.7160838925697173,7.209098151895796e-145,True
KenPom_BarttorvikFT%,0.051512175559815465,0.11924584029121753,False
KenPom_BarttorvikOP FT%,-0.0241955172883553,0.46453707962973734,False
KenPom_BarttorvikPPPO,0.30700798643690475,1.9129915087559427e-21,True
KenPom_BarttorvikPPPD,-0.21492564547426574,4.934142996984729e-11,True
KenPom_BarttorvikELITE SOS,0.6899904384809181,1.920886086217869e-130,True
KenPom_BarttorvikWAB,0.673580384317839,3.932070076990104e-122,True
KenPom_BarttorvikBADJ EM RANK,-0.6669158553770623,6.582602600723181e-119,True
KenPom_BarttorvikBADJ O RANK,-0.5551441125947532,3.5588267824705566e-75,True
KenPom_BarttorvikBADJ D RANK,-0.5745286172552024,1.4211398260326723e-81,True
KenPom_BarttorvikBARTHAG RANK,-0.6676515332536797,2.928516627091303e-119,True
KenPom_BarttorvikEFG% RANK,-0.1359149828972392,3.6739528188233285e-05,True
KenPom_BarttorvikEFGD% RANK,-0.2593174733684871,1.5305261678687445e-15,True
KenPom_BarttorvikFTR RANK,0.1517208780139557,3.981170366591865e-06,True
KenPom_BarttorvikFTRD RANK,-0.14967991831322444,5.374701218854742e-06,True
KenPom_BarttorvikTOV% RANK,-0.2083557294042463,1.922773152384824e-10,True
KenPom_BarttorvikTOV%D RANK,0.02280095960223986,0.4906788164209931,False
KenPom_BarttorvikOREB% RANK,-0.23598590435171374,4.65873539695956e-13,True
KenPom_BarttorvikDREB% RANK,-0.01179375301325563,0.7214895646882175,False
KenPom_BarttorvikOP OREB% RANK,-0.01179375301325563,0.7214895646882175,False
KenPom_BarttorvikOP DREB% RANK,-0.23598590435171374,4.65873539695956e-13,True
KenPom_BarttorvikRAW T RANK,0.043034248397323505,0.19316363321550645,False
KenPom_Barttorvik2PT% RANK,-0.1250128186446456,0.0001486594959484132,False
KenPom_Barttorvik2PT%D RANK,-0.24821259045224275,2.505467756831872e-14,True
KenPom_Barttorvik3PT% RANK,-0.08953748220171548,0.006695052235629415,False
KenPom_Barttorvik3PT%D RANK,-0.12849949807199337,9.620504665016669e-05,True
KenPom_BarttorvikBLK% RANK,-0.27786960530609917,1.0560969520296875e-17,True
KenPom_BarttorvikBLKED% RANK,-0.08849601582789939,0.007362704910652262,False
KenPom_BarttorvikAST% RANK,-0.17605928212844657,8.176436760174483e-08,True
KenPom_BarttorvikOP AST% RANK,0.013829111540606967,0.6759519912463345,False
KenPom_Barttorvik2PTR RANK,-0.05659087071573739,0.0869365338069898,False
KenPom_Barttorvik3PTR RANK,0.05495894364502953,0.09644368737489122,False
KenPom_Barttorvik2PTRD RANK,0.03705535576713595,0.2625638094256804,False
KenPom_Barttorvik3PTRD RANK,-0.03710695591906346,0.2618993737576717,False
KenPom_BarttorvikBADJT RANK,0.03498449435974148,0.2901918241454642,False
KenPom_BarttorvikAVG HGT RANK,-0.3937683309561577,2.423878863732686e-35,True
KenPom_BarttorvikEFF HGT RANK,-0.3728859957918187,1.3589062118603713e-31,True
KenPom_BarttorvikEXP RANK,0.28865735229456535,4.883685653464207e-19,True
KenPom_BarttorvikTALENT RANK,-0.6741691820402553,2.0217546085630163e-122,True
KenPom_BarttorvikFT% RANK,-0.061973539153869196,0.06080636004014528,False
KenPom_BarttorvikOP FT% RANK,-0.026618017224324785,0.42102173300738976,False
KenPom_BarttorvikPPPO RANK,-0.306925669910297,1.9629108516900395e-21,True
KenPom_BarttorvikPPPD RANK,-0.21139520715225874,1.030467748824827e-10,True
KenPom_BarttorvikELITE SOS RANK,-0.691197806489297,4.466887729425127e-131,True
Barttorvik_Away_BADJ EM,0.6587318309576106,4.618590753192229e-115,True
Barttorvik_Away_BADJ O,0.5153771859843097,2.7256111222767993e-63,True
Barttorvik_Away_BADJ D,-0.4490901807983506,1.1522752703165977e-46,True
Barttorvik_Away_BARTHAG,0.6482484768628335,2.619190318224394e-110,True
Barttorvik_Away_GAMES,-0.5842239529857269,6.149070467915308e-85,True
Barttorvik_Away_W,-0.2088008655580066,1.7559494245041805e-10,True
Barttorvik_Away_L,-0.36308947318720974,6.305822918889292e-30,True
Barttorvik_Away_WIN%,0.11092780647522393,0.0007707682432188873,False
Barttorvik_Away_EFG%,0.06594701887348889,0.04600297764348485,False
Barttorvik_Away_EFG%D,-0.13627232303267223,3.502929662842694e-05,True
Barttorvik_Away_FTR,-0.16570658628144597,4.576954353522341e-07,True
Barttorvik_Away_FTRD,-0.05577352647890103,0.09159921490912695,False
Barttorvik_Away_TOV%,-0.1562382697640704,2.0203422617847394e-06,True
Barttorvik_Away_TOV%D,-0.12392605894930772,0.00016986948064819834,False
Barttorvik_Away_OREB%,0.1551446436017316,2.385136275689461e-06,True
Barttorvik_Away_DREB%,-0.01842989899151433,0.5774757658648615,False
Barttorvik_Away_OP OREB%,0.01842989899151434,0.5774757658648615,False
Barttorvik_Away_OP DREB%,-0.1551446436017316,2.385136275689461e-06,True
Barttorvik_Away_RAW T,-0.1472130939177961,7.684568550754598e-06,True
Barttorvik_Away_2PT%,0.054310027842955966,0.10044756608678128,False
Barttorvik_Away_2PT%D,-0.17343263844205548,1.278278566989478e-07,True
Barttorvik_Away_3PT%,0.04809163019327503,0.14584349792330695,False
Barttorvik_Away_3PT%D,-0.01018745578960541,0.7581467584838324,False
Barttorvik_Away_BLK%,0.20761060591452252,2.237230102041467e-10,True
Barttorvik_Away_BLKED%,0.013760420721617633,0.677470801796072,False
Barttorvik_Away_AST%,0.09946034379286808,0.00258184129187652,False
Barttorvik_Away_OP AST%,-0.007449793212448756,0.8218494365819748,False
Barttorvik_Away_2PTR,0.03180529535076074,0.3362848706137016,False
Barttorvik_Away_3PTR,-0.03180529535076077,0.3362848706137016,False
Barttorvik_Away_2PTRD,0.08793068152638381,0.0077495627629416705,False
Barttorvik_Away_3PTRD,-0.08793068152638378,0.0077495627629416705,False
Barttorvik_Away_BADJ T,-0.1353577922761744,3.9565029793444816e-05,True
Barttorvik_Away_AVG HGT,0.391176642406644,7.321783313128963e-35,True
Barttorvik_Away_EFF HGT,0.3695695282847529,5.056270057458638e-31,True
Barttorvik_Away_EXP,-0.302096833351077,8.769503166397722e-21,True
Barttorvik_Away_TALENT,0.7160838867844947,7.209154235199062e-145,True
Barttorvik_Away_FT%,0.1063751397486222,0.0012630219375387012,False
Barttorvik_Away_OP FT%,0.0793800757488267,0.016261665764231763,False
Barttorvik_Away_PPPO,0.19931418065041473,1.1630113885780524e-09,True
Barttorvik_Away_PPPD,-0.029414202219991237,0.37388910297042377,False
Barttorvik_Away_ELITE SOS,0.6611467170356271,3.485300138722261e-116,True
Barttorvik_Away_WAB,0.6031539682337854,7.656848114496097e-92,True
Barttorvik_Away_BADJ EM RANK,-0.6303648115339825,1.2811281755707055e-102,True
Barttorvik_Away_BADJ O RANK,-0.5133132910038267,1.0236425266847204e-62,True
Barttorvik_Away_BADJ D RANK,-0.46057434685906806,2.7312464081269005e-49,True
Barttorvik_Away_BARTHAG RANK,-0.6306728016940968,9.537389954362422e-103,True
Barttorvik_Away_EFG% RANK,-0.050174623504049096,0.1291551480362909,False
Barttorvik_Away_EFGD% RANK,-0.11885821105798437,0.00031194022630773197,False
Barttorvik_Away_FTR RANK,0.18736395501686237,1.1061651918817406e-08,True
Barttorvik_Away_FTRD RANK,-0.05295584916293119,0.10922855085350146,False
Barttorvik_Away_TOV% RANK,-0.16732160486676112,3.522523518630172e-07,True
Barttorvik_Away_TOV%D RANK,0.14045315307607484,1.987916567902883e-05,True
Barttorvik_Away_OREB% RANK,-0.1603771862365071,1.0668980619141133e-06,True
Barttorvik_Away_DREB% RANK,0.02423288983143245,0.463847320220082,False
Barttorvik_Away_OP OREB% RANK,0.02423288983143245,0.463847320220082,False
Barttorvik_Away_OP DREB% RANK,-0.1603771862365071,1.0668980619141133e-06,True
Barttorvik_Away_RAW T RANK,0.1666070637921192,3.956430426286873e-07,True
Barttorvik_Away_2PT% RANK,-0.04128577472111237,0.21189912832266003,False
Barttorvik_Away_2PT%D RANK,-0.1645122870936267,5.545902019981638e-07,True
Barttorvik_Away_3PT% RANK,-0.044259486723248045,0.18077849750058855,False
Barttorvik_Away_3PT%D RANK,0.008543939066356528,0.7962231278587211,False
Barttorvik_Away_BLK% RANK,-0.20950023036235604,1.5219719886324248e-10,True
Barttorvik_Away_BLKED% RANK,0.018527467856401043,0.5754621739026023,False
Barttorvik_Away_AST% RANK,-0.09237146619487285,0.005144654512704067,False
Barttorvik_Away_OP AST% RANK,-0.01499402574771386,0.6503994176473987,False
Barttorvik_Away_2PTR RANK,-0.04669912587858417,0.15788737817922158,False
Barttorvik_Away_3PTR RANK,0.045298793101448284,0.1707426651002011,False
Barttorvik_Away_2PTRD RANK,0.08859805077033535,0.007294754707590328,False
Barttorvik_Away_3PTRD RANK,-0.09034910691418077,0.00621297658574218,False
Barttorvik_Away_BADJT RANK,0.1542504660793192,2.7295302392590235e-06,True
Barttorvik_Away_AVG HGT RANK,-0.3937683309561577,2.423878863732686e-35,True
Barttorvik_Away_EFF HGT RANK,-0.3728859957918187,1.3589062118603713e-31,True
Barttorvik_Away_EXP RANK,0.28865735229456535,4.883685653464207e-19,True
Barttorvik_Away_TALENT RANK,-0.6741691820402553,2.0217546085630163e-122,True
Barttorvik_Away_FT% RANK,-0.11807989580931334,0.0003417549769392958,False
Barttorvik_Away_OP FT% RANK,0.09603947242523775,0.0036207635088590204,False
Barttorvik_Away_PPPO RANK,-0.18717289585688318,1.1454008848603506e-08,True
Barttorvik_Away_PPPD RANK,-0.0021439755161687425,0.9483332862278373,False
Barttorvik_Away_ELITE SOS RANK,-0.6671000257978672,5.375696736365783e-119,True
Barttorvik_Home_BADJ EM,0.6725280717219488,1.286085116827548e-121,True
Barttorvik_Home_BADJ O,0.5114806491790556,3.2896121933195285e-62,True
Barttorvik_Home_BADJ D,-0.5103241598275392,6.846976970017314e-62,True
Barttorvik_Home_BARTHAG,0.6418777150823928,1.645495515297701e-107,True
Barttorvik_Home_GAMES,0.5357761910710503,3.447354657053341e-69,True
Barttorvik_Home_W,0.5143314050773753,5.335205611000844e-63,True
Barttorvik_Home_L,-0.05336184271227924,0.10653455724711706,False
Barttorvik_Home_WIN%,0.18928591227324137,7.774433347961866e-09,True
Barttorvik_Home_EFG%,0.13001300770240254,7.936964944258213e-05,True
Barttorvik_Home_EFG%D,-0.24321327495907188,8.440543046474256e-14,True
Barttorvik_Home_FTR,-0.1364537887736011,3.418996993776535e-05,True
Barttorvik_Home_FTRD,-0.19438728086207951,2.9951332608762194e-09,True
Barttorvik_Home_TOV%,-0.15659276266337113,1.9140442284444925e-06,True
Barttorvik_Home_TOV%D,0.02079578129911033,0.5296089318347774,False
Barttorvik_Home_OREB%,0.2273352887616652,3.3457479681356877e-12,True
Barttorvik_Home_DREB%,0.010000006121982253,0.7624619559677055,False
Barttorvik_Home_OP OREB%,-0.010000006121982177,0.7624619559677055,False
Barttorvik_Home_OP DREB%,-0.22733528876166514,3.3457479681358654e-12,True
Barttorvik_Home_RAW T,0.013858388222913971,0.6753050592065357,False
Barttorvik_Home_2PT%,0.11627182564737634,0.000421592374267555,False
Barttorvik_Home_2PT%D,-0.19764838914374777,1.6057324267031518e-09,True
Barttorvik_Home_3PT%,0.08558640486977812,0.009554910379156758,False
Barttorvik_Home_3PT%D,-0.16403343738341508,5.987451444985296e-07,True
Barttorvik_Home_BLK%,0.2476130010942752,2.902504029442567e-14,True
Barttorvik_Home_BLKED%,-0.0798831366484424,0.015594647580110546,False
Barttorvik_Home_AST%,0.12946608317617603,8.510383300260778e-05,True
Barttorvik_Home_OP AST%,0.08835278084948524,0.007459048733673359,False
Barttorvik_Home_2PTR,0.043168529871154535,0.19177666371568983,False
Barttorvik_Home_3PTR,-0.04316852987115455,0.19177666371568983,False
Barttorvik_Home_2PTRD,-0.013490865103244466,0.683443504908221,False
Barttorvik_Home_3PTRD,0.013490865103244501,0.6834435049082147,False
Barttorvik_Home_BADJ T,0.01927350239711304,0.5601763244202945,False
Barttorvik_Home_AVG HGT,0.391176642406644,7.321783313128963e-35,True
Barttorvik_Home_EFF HGT,0.3695695282847529,5.056270057458638e-31,True
Barttorvik_Home_EXP,-0.302096833351077,8.769503166397722e-21,True
Barttorvik_Home_TALENT,0.7160838867844947,7.209154235199062e-145,True
Barttorvik_Home_FT%,0.00424430093066408,0.8979265781260146,False
Barttorvik_Home_OP FT%,-0.09061291998696568,0.0060631383769746625,False
Barttorvik_Home_PPPO,0.27223560446556583,4.986952117651488e-17,True
Barttorvik_Home_PPPD,-0.24712104861617862,3.2738734001815556e-14,True
Barttorvik_Home_ELITE SOS,0.6514200374895296,9.998893074216965e-112,True
Barttorvik_Home_WAB,0.5660929970447809,9.757832075034867e-79,True
Barttorvik_Home_BADJ EM RANK,-0.6427674504063028,6.7532650137121185e-108,True
Barttorvik_Home_BADJ O RANK,-0.514502066009053,4.782114933882453e-63,True
Barttorvik_Home_BADJ D RANK,-0.5323069420695137,3.708118836861523e-68,True
Barttorvik_Home_BARTHAG RANK,-0.6433965280747291,3.591417430133304e-108,True
Barttorvik_Home_EFG% RANK,-0.12912860489736755,8.883475435414458e-05,True
Barttorvik_Home_EFGD% RANK,-0.2556431411447624,3.91788373069126e-15,True
Barttorvik_Home_FTR RANK,0.1392171672256532,2.354330692421146e-05,True
Barttorvik_Home_FTRD RANK,-0.18543511828122752,1.5700717446365077e-08,True
Barttorvik_Home_TOV% RANK,-0.1817289797329112,3.045694363121166e-08,True
Barttorvik_Home_TOV%D RANK,-0.014533335184487283,0.6604578548441189,False
Barttorvik_Home_OREB% RANK,-0.23823047171766432,2.757163574640448e-13,True
Barttorvik_Home_DREB% RANK,-0.01699984327347921,0.607361625096631,False
Barttorvik_Home_OP OREB% RANK,-0.01699984327347921,0.607361625096631,False
Barttorvik_Home_OP DREB% RANK,-0.23823047171766432,2.757163574640448e-13,True
Barttorvik_Home_RAW T RANK,-0.010564562063168378,0.749488436116364,False
Barttorvik_Home_2PT% RANK,-0.11510686412076991,0.0004819061912400889,False
Barttorvik_Home_2PT%D RANK,-0.20807896884681082,2.0341846772240292e-10,True
Barttorvik_Home_3PT% RANK,-0.0934914184505829,0.004627164870068058,False
Barttorvik_Home_3PT%D RANK,-0.1706300003731509,2.0439692901051065e-07,True
Barttorvik_Home_BLK% RANK,-0.24848438586357247,2.3435494751731314e-14,True
Barttorvik_Home_BLKED% RANK,-0.09010355962192627,0.00635542237324622,False
Barttorvik_Home_AST% RANK,-0.1438870083861713,1.2332132164880361e-05,True
Barttorvik_Home_OP AST% RANK,0.07773621462636279,0.018618946905036148,False
Barttorvik_Home_2PTR RANK,-0.05795726182057004,0.07957048575521718,False
Barttorvik_Home_3PTR RANK,0.05681044639109495,0.08571707146483529,False
Barttorvik_Home_2PTRD RANK,-0.024079648283736342,0.4666792118675158,False
Barttorvik_Home_3PTRD RANK,0.0227877445984567,0.4909302583471676,False
Barttorvik_Home_BADJT RANK,-0.010219693616493756,0.7574053787800263,False
Barttorvik_Home_AVG HGT RANK,-0.3937683309561577,2.423878863732686e-35,True
Barttorvik_Home_EFF HGT RANK,-0.3728859957918187,1.3589062118603713e-31,True
Barttorvik_Home_EXP RANK,0.28865735229456535,4.883685653464207e-19,True
Barttorvik_Home_TALENT RANK,-0.6741691820402553,2.0217546085630163e-122,True
Barttorvik_Home_FT% RANK,-0.010221762174796638,0.7573578153324003,False
Barttorvik_Home_OP FT% RANK,-0.10687627654975423,0.001197273069665057,False
Barttorvik_Home_PPPO RANK,-0.27774750349538035,1.0926483744717351e-17,True
Barttorvik_Home_PPPD RANK,-0.26688278055834824,2.107918384875257e-16,True
Barttorvik_Home_ELITE SOS RANK,-0.6815202825992012,4.3808853010834886e-126,True
Barttorvik_Neutral_BADJ EM,0.5338887545958515,1.2596510271102862e-68,True
Barttorvik_Neutral_BADJ O,0.3692467937265325,5.741249496577342e-31,True
Barttorvik_Neutral_BADJ D,-0.3080857387212317,1.3642959998379655e-21,True
Barttorvik_Neutral_BARTHAG,0.5206780428321838,8.734442615490975e-65,True
Barttorvik_Neutral_GAMES,0.2523366322984276,9.013212998998462e-15,True
Barttorvik_Neutral_W,0.09181643682137762,0.005419989006102271,False
Barttorvik_Neutral_L,0.26043894443961824,1.145396707517139e-15,True
Barttorvik_Neutral_WIN%,-0.21231196947083011,8.52158111826757e-11,True
Barttorvik_Neutral_EFG%,-0.05391128182792967,0.10297276629948258,False
Barttorvik_Neutral_EFG%D,0.0632013857322814,0.05586068206011588,False
Barttorvik_Neutral_FTR,-0.12871735604976603,9.358982163804716e-05,True
Barttorvik_Neutral_FTRD,0.0173639093204569,0.5996880089015284,False
Barttorvik_Neutral_TOV%,-0.02358168457747091,0.47594734073508727,False
Barttorvik_Neutral_TOV%D,-0.03857122970157251,0.24352664526201287,False
Barttorvik_Neutral_OREB%,0.11790813692779187,0.00034868349352632877,False
Barttorvik_Neutral_DREB%,-0.10173030914388065,0.002051219380846915,False
Barttorvik_Neutral_OP OREB%,0.10173030914388066,0.002051219380846915,False
Barttorvik_Neutral_OP DREB%,-0.11790813692779194,0.00034868349352632877,False
Barttorvik_Neutral_RAW T,0.08921055384923976,0.006898537607564003,False
Barttorvik_Neutral_2PT%,-0.012076424681115593,0.7151015829758846,False
Barttorvik_Neutral_2PT%D,0.0016836360778275418,0.9594159388553972,False
Barttorvik_Neutral_3PT%,-0.07240248799518548,0.028438696852330834,False
Barttorvik_Neutral_3PT%D,0.10619158404074687,0.0012879257409670354,False
Barttorvik_Neutral_BLK%,0.20148849562709986,7.601505220471607e-10,True
Barttorvik_Neutral_BLKED%,0.08137666580413436,0.013753851835860401,False
Barttorvik_Neutral_AST%,0.07509784005289362,0.02302739751747162,False
Barttorvik_Neutral_OP AST%,0.11238367487409948,0.0006556022017714834,False
Barttorvik_Neutral_2PTR,0.039438517522902956,0.23308085060411377,False
Barttorvik_Neutral_3PTR,-0.03943851752290299,0.23308085060411377,False
Barttorvik_Neutral_2PTRD,0.07088752710912578,0.03193562438341656,False
Barttorvik_Neutral_3PTRD,-0.07088752710912581,0.03193562438341656,False
Barttorvik_Neutral_BADJ T,0.08268307493802049,0.01230362256743194,False
Barttorvik_Neutral_AVG HGT,0.391176642406644,7.321783313128963e-35,True
Barttorvik_Neutral_EFF HGT,0.3695695282847529,5.056270057458638e-31,True
Barttorvik_Neutral_EXP,-0.302096833351077,8.769503166397722e-21,True
Barttorvik_Neutral_TALENT,0.7160838867844947,7.209154235199062e-145,True
Barttorvik_Neutral_FT%,-0.018948260809636255,0.566816160763602,False
Barttorvik_Neutral_OP FT%,-0.029988424814103614,0.3646294772908652,False
Barttorvik_Neutral_PPPO,0.005938739389173095,0.8575490267476251,False
Barttorvik_Neutral_PPPD,0.10601363103569114,0.001312500661139788,False
Barttorvik_Neutral_ELITE SOS,0.6790496496346954,7.674157386705943e-125,True
Barttorvik_Neutral_WAB,0.3927815473415388,3.696713313392117e-35,True
Barttorvik_Neutral_BADJ EM RANK,-0.5270552360510463,1.2830684851497411e-66,True
Barttorvik_Neutral_BADJ O RANK,-0.3762862424551371,3.476974852415943e-32,True
Barttorvik_Neutral_BADJ D RANK,-0.3262182112163192,3.73508823683423e-24,True
Barttorvik_Neutral_BARTHAG RANK,-0.5257841961717742,2.997114797828912e-66,True
Barttorvik_Neutral_EFG% RANK,0.04769904020428768,0.14916566897893174,False
Barttorvik_Neutral_EFGD% RANK,0.04514516620945681,0.1721993095203021,False
Barttorvik_Neutral_FTR RANK,0.12044369082648196,0.0002585707275589966,False
Barttorvik_Neutral_FTRD RANK,0.02103809231276456,0.5248226020527628,False
Barttorvik_Neutral_TOV% RANK,-0.021055912912547717,0.524471469594013,False
Barttorvik_Neutral_TOV%D RANK,0.0375607663096392,0.2561057803232726,False
Barttorvik_Neutral_OREB% RANK,-0.13527262907183785,4.001462129136577e-05,True
Barttorvik_Neutral_DREB% RANK,0.10204943206400924,0.001985214354996223,False
Barttorvik_Neutral_OP OREB% RANK,0.10204943206400924,0.001985214354996223,False
Barttorvik_Neutral_OP DREB% RANK,-0.13527262907183785,4.001462129136577e-05,True
Barttorvik_Neutral_RAW T RANK,-0.08787890796379569,0.007785884588572916,False
Barttorvik_Neutral_2PT% RANK,0.005121115954736187,0.8769928135994932,False
Barttorvik_Neutral_2PT%D RANK,-0.022100735918587085,0.5040966466212982,False
Barttorvik_Neutral_3PT% RANK,0.06598388722243827,0.04588127056671713,False
Barttorvik_Neutral_3PT%D RANK,0.0948488506212293,0.004063278111049048,False
Barttorvik_Neutral_BLK% RANK,-0.20161539804466025,7.414067084321338e-10,True
Barttorvik_Neutral_BLKED% RANK,0.0902553167491567,0.006267043447060111,False
Barttorvik_Neutral_AST% RANK,-0.0740631320722258,0.024988822405908877,False
Barttorvik_Neutral_OP AST% RANK,0.1117327910093969,0.0007049594963763771,False
Barttorvik_Neutral_2PTR RANK,-0.05811818582437056,0.07873733725760373,False
Barttorvik_Neutral_3PTR RANK,0.05363701296462018,0.10473873978470911,False
Barttorvik_Neutral_2PTRD RANK,0.07166279189702271,0.03010266536837563,False
Barttorvik_Neutral_3PTRD RANK,-0.07554771590755059,0.022217131956618744,False
Barttorvik_Neutral_BADJT RANK,-0.07926367692233732,0.01641952082294371,False
Barttorvik_Neutral_AVG HGT RANK,-0.3938528902024155,2.3376217877434617e-35,True
Barttorvik_Neutral_EFF HGT RANK,-0.3755884835779345,4.6052957566773735e-32,True
Barttorvik_Neutral_EXP RANK,0.2876825000086282,6.483211664424302e-19,True
Barttorvik_Neutral_TALENT RANK,-0.6830313626215687,7.498120040926771e-127,True
Barttorvik_Neutral_FT% RANK,0.013317081564587933,0.6873046715624924,False
Barttorvik_Neutral_OP FT% RANK,-0.03477272686224683,0.2931233252508684,False
Barttorvik_Neutral_PPPO RANK,-0.02666475993781534,0.4202062817455232,False
Barttorvik_Neutral_PPPD RANK,0.08391713197193586,0.011059663382802232,False
Barttorvik_Neutral_ELITE SOS RANK,-0.6907244607743981,7.92023402174027e-131,True
